venue_id,part_of_house,part_of_house_zh,row,block,block_area,seat,seat_number,number_basis,marks,wheelchair,management,restricted_sightline,limited_legroom,orchestra_pits
ekcc-turns-end,The Turns,形館,A,1,,W1,,none,W,1,0,0,0,
ekcc-turns-end,The Turns,形館,A,1,,W2,,none,W,1,0,0,0,
ekcc-turns-end,The Turns,形館,A,1,,W3,,none,W,1,0,0,0,
ekcc-turns-end,The Turns,形館,A,1,,W4,,none,W,1,0,0,0,
ekcc-turns-end,The Turns,形館,A,1,,14,14,printed,,0,0,0,0,
ekcc-turns-end,The Turns,形館,A,1,,15,15,printed,,0,0,0,0,
ekcc-turns-end,The Turns,形館,A,1,,16,16,printed,,0,0,0,0,
ekcc-turns-end,The Turns,形館,A,1,,17,17,printed,,0,0,0,0,
ekcc-turns-end,The Turns,形館,A,1,,18,18,printed,,0,0,0,0,
ekcc-turns-end,The Turns,形館,A,1,,19,19,printed,,0,0,0,0,
ekcc-turns-end,The Turns,形館,A,1,,20,20,printed,,0,0,0,0,
ekcc-turns-end,The Turns,形館,A,1,,21,21,printed,,0,0,0,0,
ekcc-turns-end,The Turns,形館,A,1,,22,22,printed,,0,0,0,0,
ekcc-turns-end,The Turns,形館,A,1,,23,23,printed,,0,0,0,0,
ekcc-turns-end,The Turns,形館,A,1,,24,24,printed,,0,0,0,0,
ekcc-turns-end,The Turns,形館,A,1,,25,25,printed,,0,0,0,0,
ekcc-turns-end,The Turns,形館,A,1,,26,26,printed,,0,0,0,0,
ekcc-turns-end,The Turns,形館,A,1,,27,27,printed,,0,0,0,0,
ekcc-turns-end,The Turns,形館,B,1,,8,8,printed,,0,0,0,0,
ekcc-turns-end,The Turns,形館,B,1,,9,9,printed,,0,0,0,0,
ekcc-turns-end,The Turns,形館,B,1,,10,10,printed,,0,0,0,0,
ekcc-turns-end,The Turns,形館,B,1,,11,11,printed,,0,0,0,0,
ekcc-turns-end,The Turns,形館,B,1,,12,12,printed,,0,0,0,0,
ekcc-turns-end,The Turns,形館,B,1,,13,13,printed,,0,0,0,0,
ekcc-turns-end,The Turns,形館,B,1,,14,14,printed,,0,0,0,0,
ekcc-turns-end,The Turns,形館,B,1,,15,15,printed,,0,0,0,0,
ekcc-turns-end,The Turns,形館,B,1,,16,16,printed,,0,0,0,0,
ekcc-turns-end,The Turns,形館,B,1,,17,17,printed,,0,0,0,0,
ekcc-turns-end,The Turns,形館,B,1,,18,18,printed,,0,0,0,0,
ekcc-turns-end,The Turns,形館,B,1,,19,19,printed,,0,0,0,0,
ekcc-turns-end,The Turns,形館,B,1,,20,20,printed,,0,0,0,0,
ekcc-turns-end,The Turns,形館,B,1,,21,21,printed,,0,0,0,0,
ekcc-turns-end,The Turns,形館,B,1,,22,22,printed,,0,0,0,0,
ekcc-turns-end,The Turns,形館,B,1,,23,23,printed,,0,0,0,0,
ekcc-turns-end,The Turns,形館,B,1,,24,24,printed,,0,0,0,0,
ekcc-turns-end,The Turns,形館,B,1,,25,25,printed,,0,0,0,0,
ekcc-turns-end,The Turns,形館,B,1,,26,26,printed,,0,0,0,0,
ekcc-turns-end,The Turns,形館,B,1,,27,27,printed,,0,0,0,0,
ekcc-turns-end,The Turns,形館,C,1,,8,8,printed,,0,0,0,0,
ekcc-turns-end,The Turns,形館,C,1,,9,9,printed,,0,0,0,0,
ekcc-turns-end,The Turns,形館,C,1,,10,10,printed,,0,0,0,0,
ekcc-turns-end,The Turns,形館,C,1,,11,11,printed,,0,0,0,0,
ekcc-turns-end,The Turns,形館,C,1,,12,12,printed,,0,0,0,0,
ekcc-turns-end,The Turns,形館,C,1,,13,13,printed,,0,0,0,0,
ekcc-turns-end,The Turns,形館,C,1,,14,14,printed,,0,0,0,0,
ekcc-turns-end,The Turns,形館,C,1,,15,15,printed,,0,0,0,0,
ekcc-turns-end,The Turns,形館,C,1,,16,16,printed,,0,0,0,0,
ekcc-turns-end,The Turns,形館,C,1,,17,17,printed,,0,0,0,0,
ekcc-turns-end,The Turns,形館,C,1,,18,18,printed,,0,0,0,0,
ekcc-turns-end,The Turns,形館,C,1,,19,19,printed,,0,0,0,0,
ekcc-turns-end,The Turns,形館,C,1,,20,20,printed,,0,0,0,0,
ekcc-turns-end,The Turns,形館,C,1,,21,21,printed,,0,0,0,0,
ekcc-turns-end,The Turns,形館,C,1,,22,22,printed,,0,0,0,0,
ekcc-turns-end,The Turns,形館,C,1,,23,23,printed,,0,0,0,0,
ekcc-turns-end,The Turns,形館,C,1,,24,24,printed,,0,0,0,0,
ekcc-turns-end,The Turns,形館,C,1,,25,25,printed,,0,0,0,0,
ekcc-turns-end,The Turns,形館,C,1,,26,26,printed,,0,0,0,0,
ekcc-turns-end,The Turns,形館,C,1,,27,27,printed,,0,0,0,0,
ekcc-turns-end,The Turns,形館,D,1,,X1,,none,X,0,1,0,0,
ekcc-turns-end,The Turns,形館,D,1,,X2,,none,X,0,1,0,0,
ekcc-turns-end,The Turns,形館,D,1,,10,10,printed,,0,0,0,0,
ekcc-turns-end,The Turns,形館,D,1,,11,11,printed,,0,0,0,0,
ekcc-turns-end,The Turns,形館,D,1,,12,12,printed,,0,0,0,0,
ekcc-turns-end,The Turns,形館,D,1,,13,13,printed,,0,0,0,0,
ekcc-turns-end,The Turns,形館,D,1,,14,14,printed,,0,0,0,0,
ekcc-turns-end,The Turns,形館,D,1,,15,15,printed,,0,0,0,0,
ekcc-turns-end,The Turns,形館,D,1,,16,16,printed,,0,0,0,0,
ekcc-turns-end,The Turns,形館,D,1,,17,17,printed,,0,0,0,0,
ekcc-turns-end,The Turns,形館,D,1,,18,18,printed,,0,0,0,0,
ekcc-turns-end,The Turns,形館,D,1,,19,19,printed,,0,0,0,0,
ekcc-turns-end,The Turns,形館,D,1,,20,20,printed,,0,0,0,0,
ekcc-turns-end,The Turns,形館,D,1,,21,21,printed,,0,0,0,0,
ekcc-turns-end,The Turns,形館,D,1,,22,22,printed,,0,0,0,0,
ekcc-turns-end,The Turns,形館,D,1,,23,23,printed,,0,0,0,0,
ekcc-turns-end,The Turns,形館,D,1,,24,24,printed,,0,0,0,0,
ekcc-turns-end,The Turns,形館,D,1,,25,25,printed,,0,0,0,0,
ekcc-turns-end,The Turns,形館,D,1,,26,26,printed,,0,0,0,0,
ekcc-turns-end,The Turns,形館,D,1,,27,27,printed,,0,0,0,0,
ekcc-turns-end,The Turns,形館,E,1,,8,8,printed,,0,0,0,0,
ekcc-turns-end,The Turns,形館,E,1,,9,9,printed,,0,0,0,0,
ekcc-turns-end,The Turns,形館,E,1,,10,10,printed,,0,0,0,0,
ekcc-turns-end,The Turns,形館,E,1,,11,11,printed,,0,0,0,0,
ekcc-turns-end,The Turns,形館,E,1,,12,12,printed,,0,0,0,0,
ekcc-turns-end,The Turns,形館,E,1,,13,13,printed,,0,0,0,0,
ekcc-turns-end,The Turns,形館,E,1,,14,14,printed,,0,0,0,0,
ekcc-turns-end,The Turns,形館,E,1,,15,15,printed,,0,0,0,0,
ekcc-turns-end,The Turns,形館,E,1,,16,16,printed,,0,0,0,0,
ekcc-turns-end,The Turns,形館,E,1,,17,17,printed,,0,0,0,0,
ekcc-turns-end,The Turns,形館,E,1,,18,18,printed,,0,0,0,0,
ekcc-turns-end,The Turns,形館,E,1,,19,19,printed,,0,0,0,0,
ekcc-turns-end,The Turns,形館,E,1,,20,20,printed,,0,0,0,0,
ekcc-turns-end,The Turns,形館,E,1,,21,21,printed,,0,0,0,0,
ekcc-turns-end,The Turns,形館,E,1,,22,22,printed,,0,0,0,0,
ekcc-turns-end,The Turns,形館,E,1,,23,23,printed,,0,0,0,0,
ekcc-turns-end,The Turns,形館,E,1,,24,24,printed,,0,0,0,0,
ekcc-turns-end,The Turns,形館,E,1,,25,25,printed,,0,0,0,0,
ekcc-turns-end,The Turns,形館,E,1,,26,26,printed,,0,0,0,0,
ekcc-turns-end,The Turns,形館,E,1,,27,27,printed,,0,0,0,0,
ekcc-turns-end,The Turns,形館,F,1,,8,8,printed,,0,0,0,0,
ekcc-turns-end,The Turns,形館,F,1,,9,9,printed,,0,0,0,0,
ekcc-turns-end,The Turns,形館,F,1,,10,10,printed,,0,0,0,0,
ekcc-turns-end,The Turns,形館,F,1,,11,11,printed,,0,0,0,0,
ekcc-turns-end,The Turns,形館,F,1,,12,12,printed,,0,0,0,0,
ekcc-turns-end,The Turns,形館,F,1,,13,13,printed,,0,0,0,0,
ekcc-turns-end,The Turns,形館,F,1,,14,14,printed,,0,0,0,0,
ekcc-turns-end,The Turns,形館,F,1,,15,15,printed,,0,0,0,0,
ekcc-turns-end,The Turns,形館,F,1,,16,16,printed,,0,0,0,0,
ekcc-turns-end,The Turns,形館,F,1,,17,17,printed,,0,0,0,0,
ekcc-turns-end,The Turns,形館,F,1,,18,18,printed,,0,0,0,0,
ekcc-turns-end,The Turns,形館,F,1,,19,19,printed,,0,0,0,0,
ekcc-turns-end,The Turns,形館,F,1,,20,20,printed,,0,0,0,0,
ekcc-turns-end,The Turns,形館,F,1,,21,21,printed,,0,0,0,0,
ekcc-turns-end,The Turns,形館,F,1,,22,22,printed,,0,0,0,0,
ekcc-turns-end,The Turns,形館,F,1,,23,23,printed,,0,0,0,0,
ekcc-turns-end,The Turns,形館,F,1,,24,24,printed,,0,0,0,0,
ekcc-turns-end,The Turns,形館,F,1,,25,25,printed,,0,0,0,0,
ekcc-turns-end,The Turns,形館,F,1,,26,26,printed,,0,0,0,0,
ekcc-turns-end,The Turns,形館,F,1,,27,27,printed,,0,0,0,0,
ekcc-turns-end,The Turns,形館,G,1,,8,8,printed,,0,0,0,0,
ekcc-turns-end,The Turns,形館,G,1,,9,9,printed,,0,0,0,0,
ekcc-turns-end,The Turns,形館,G,1,,10,10,printed,,0,0,0,0,
ekcc-turns-end,The Turns,形館,G,1,,11,11,printed,,0,0,0,0,
ekcc-turns-end,The Turns,形館,G,1,,12,12,printed,,0,0,0,0,
ekcc-turns-end,The Turns,形館,G,1,,13,13,printed,,0,0,0,0,
ekcc-turns-end,The Turns,形館,G,1,,14,14,printed,,0,0,0,0,
ekcc-turns-end,The Turns,形館,G,1,,15,15,printed,,0,0,0,0,
ekcc-turns-end,The Turns,形館,G,1,,16,16,printed,,0,0,0,0,
ekcc-turns-end,The Turns,形館,G,1,,17,17,printed,,0,0,0,0,
ekcc-turns-end,The Turns,形館,G,1,,18,18,printed,,0,0,0,0,
ekcc-turns-end,The Turns,形館,G,1,,19,19,printed,,0,0,0,0,
ekcc-turns-end,The Turns,形館,G,1,,20,20,printed,,0,0,0,0,
ekcc-turns-end,The Turns,形館,G,1,,21,21,printed,,0,0,0,0,
ekcc-turns-end,The Turns,形館,G,1,,22,22,printed,,0,0,0,0,
ekcc-turns-end,The Turns,形館,G,1,,23,23,printed,,0,0,0,0,
ekcc-turns-end,The Turns,形館,G,1,,24,24,printed,,0,0,0,0,
ekcc-turns-end,The Turns,形館,G,1,,25,25,printed,,0,0,0,0,
ekcc-turns-end,The Turns,形館,G,1,,26,26,printed,,0,0,0,0,
ekcc-turns-end,The Turns,形館,G,1,,27,27,printed,,0,0,0,0,
ekcc-turns-end,The Turns,形館,H,1,,8,8,printed,,0,0,0,0,
ekcc-turns-end,The Turns,形館,H,1,,9,9,printed,,0,0,0,0,
ekcc-turns-end,The Turns,形館,H,1,,10,10,printed,,0,0,0,0,
ekcc-turns-end,The Turns,形館,H,1,,11,11,printed,,0,0,0,0,
ekcc-turns-end,The Turns,形館,H,1,,12,12,printed,,0,0,0,0,
ekcc-turns-end,The Turns,形館,H,1,,13,13,printed,,0,0,0,0,
ekcc-turns-end,The Turns,形館,H,1,,14,14,printed,,0,0,0,0,
ekcc-turns-end,The Turns,形館,H,1,,15,15,printed,,0,0,0,0,
ekcc-turns-end,The Turns,形館,H,1,,16,16,printed,,0,0,0,0,
ekcc-turns-end,The Turns,形館,H,1,,17,17,printed,,0,0,0,0,
ekcc-turns-end,The Turns,形館,H,1,,18,18,printed,,0,0,0,0,
ekcc-turns-end,The Turns,形館,H,1,,19,19,printed,,0,0,0,0,
ekcc-turns-end,The Turns,形館,H,1,,20,20,printed,,0,0,0,0,
ekcc-turns-end,The Turns,形館,H,1,,21,21,printed,,0,0,0,0,
ekcc-turns-end,The Turns,形館,H,1,,22,22,printed,,0,0,0,0,
ekcc-turns-end,The Turns,形館,H,1,,23,23,printed,,0,0,0,0,
ekcc-turns-end,The Turns,形館,H,1,,24,24,printed,,0,0,0,0,
ekcc-turns-end,The Turns,形館,H,1,,25,25,printed,,0,0,0,0,
ekcc-turns-end,The Turns,形館,H,1,,26,26,printed,,0,0,0,0,
ekcc-turns-end,The Turns,形館,H,1,,27,27,printed,,0,0,0,0,
ekcc-turns-end,The Turns,形館,J,1,,8,8,printed,,0,0,0,0,
ekcc-turns-end,The Turns,形館,J,1,,9,9,printed,,0,0,0,0,
ekcc-turns-end,The Turns,形館,J,1,,10,10,printed,,0,0,0,0,
ekcc-turns-end,The Turns,形館,J,1,,11,11,printed,,0,0,0,0,
ekcc-turns-end,The Turns,形館,J,1,,12,12,printed,,0,0,0,0,
ekcc-turns-end,The Turns,形館,J,1,,13,13,printed,,0,0,0,0,
ekcc-turns-end,The Turns,形館,J,1,,14,14,printed,,0,0,0,0,
ekcc-turns-end,The Turns,形館,J,1,,15,15,printed,,0,0,0,0,
ekcc-turns-end,The Turns,形館,J,1,,16,16,printed,,0,0,0,0,
ekcc-turns-end,The Turns,形館,J,1,,17,17,printed,,0,0,0,0,
ekcc-turns-end,The Turns,形館,J,1,,18,18,printed,,0,0,0,0,
ekcc-turns-end,The Turns,形館,J,1,,19,19,printed,,0,0,0,0,
ekcc-turns-end,The Turns,形館,J,1,,20,20,printed,,0,0,0,0,
ekcc-turns-end,The Turns,形館,J,1,,21,21,printed,,0,0,0,0,
ekcc-turns-end,The Turns,形館,J,1,,22,22,printed,,0,0,0,0,
ekcc-turns-end,The Turns,形館,J,1,,23,23,printed,,0,0,0,0,
ekcc-turns-end,The Turns,形館,J,1,,24,24,printed,,0,0,0,0,
ekcc-turns-end,The Turns,形館,J,1,,25,25,printed,,0,0,0,0,
ekcc-turns-end,The Turns,形館,J,1,,26,26,printed,,0,0,0,0,
ekcc-turns-end,The Turns,形館,J,1,,27,27,printed,,0,0,0,0,
