venue_id,part_of_house,part_of_house_zh,row,block,block_area,bank,seat,seat_number,number_basis,marks,wheelchair,management,restricted_sightline,limited_legroom,orchestra_pits
hkcc-st-end,Main Tier,主層,CA,1,,west,5,5,printed,,0,0,0,0,
hkcc-st-end,Main Tier,主層,CA,1,,west,6,6,printed,,0,0,0,0,
hkcc-st-end,Main Tier,主層,CA,1,,west,7,7,printed,,0,0,0,0,
hkcc-st-end,Main Tier,主層,CA,1,,west,8,8,printed,,0,0,0,0,
hkcc-st-end,Main Tier,主層,CA,1,,west,9,9,printed,,0,0,0,0,
hkcc-st-end,Main Tier,主層,CA,1,,west,10,10,printed,,0,0,0,0,
hkcc-st-end,Main Tier,主層,CA,1,,west,11,11,printed,,0,0,0,0,
hkcc-st-end,Main Tier,主層,CA,1,,west,12,12,printed,,0,0,0,0,
hkcc-st-end,Main Tier,主層,CA,1,,west,13,13,printed,,0,0,0,0,
hkcc-st-end,Main Tier,主層,CA,1,,west,14,14,printed,,0,0,0,0,
hkcc-st-end,Main Tier,主層,CA,1,,west,15,15,printed,,0,0,0,0,
hkcc-st-end,Main Tier,主層,CA,1,,west,16,16,printed,,0,0,0,0,
hkcc-st-end,Main Tier,主層,CA,1,,west,17,17,printed,,0,0,0,0,
hkcc-st-end,Main Tier,主層,CB,1,,west,4,4,printed,,0,0,0,0,
hkcc-st-end,Main Tier,主層,CB,1,,west,5,5,printed,,0,0,0,0,
hkcc-st-end,Main Tier,主層,CB,1,,west,6,6,printed,,0,0,0,0,
hkcc-st-end,Main Tier,主層,CB,1,,west,7,7,printed,,0,0,0,0,
hkcc-st-end,Main Tier,主層,CB,1,,west,8,8,printed,,0,0,0,0,
hkcc-st-end,Main Tier,主層,CB,1,,west,9,9,printed,,0,0,0,0,
hkcc-st-end,Main Tier,主層,CB,1,,west,10,10,printed,,0,0,0,0,
hkcc-st-end,Main Tier,主層,CB,1,,west,11,11,printed,,0,0,0,0,
hkcc-st-end,Main Tier,主層,CB,1,,west,12,12,printed,,0,0,0,0,
hkcc-st-end,Main Tier,主層,CB,1,,west,13,13,printed,,0,0,0,0,
hkcc-st-end,Main Tier,主層,CB,1,,west,14,14,printed,,0,0,0,0,
hkcc-st-end,Main Tier,主層,CB,1,,west,15,15,printed,,0,0,0,0,
hkcc-st-end,Main Tier,主層,CB,1,,west,16,16,printed,,0,0,0,0,
hkcc-st-end,Main Tier,主層,CB,1,,west,17,17,printed,,0,0,0,0,
hkcc-st-end,Main Tier,主層,CB,1,,west,18,18,printed,,0,0,0,0,
hkcc-st-end,Main Tier,主層,CC,1,,west,4,4,printed,,0,0,0,0,
hkcc-st-end,Main Tier,主層,CC,1,,west,5,5,printed,,0,0,0,0,
hkcc-st-end,Main Tier,主層,CC,1,,west,6,6,printed,,0,0,0,0,
hkcc-st-end,Main Tier,主層,CC,1,,west,7,7,printed,,0,0,0,0,
hkcc-st-end,Main Tier,主層,CC,1,,west,8,8,printed,,0,0,0,0,
hkcc-st-end,Main Tier,主層,CC,1,,west,9,9,printed,,0,0,0,0,
hkcc-st-end,Main Tier,主層,CC,1,,west,10,10,printed,,0,0,0,0,
hkcc-st-end,Main Tier,主層,CC,1,,west,11,11,printed,,0,0,0,0,
hkcc-st-end,Main Tier,主層,CC,1,,west,12,12,printed,,0,0,0,0,
hkcc-st-end,Main Tier,主層,CC,1,,west,13,13,printed,,0,0,0,0,
hkcc-st-end,Main Tier,主層,CC,1,,west,14,14,printed,,0,0,0,0,
hkcc-st-end,Main Tier,主層,CC,1,,west,15,15,printed,,0,0,0,0,
hkcc-st-end,Main Tier,主層,CC,1,,west,16,16,printed,,0,0,0,0,
hkcc-st-end,Main Tier,主層,CC,1,,west,17,17,printed,,0,0,0,0,
hkcc-st-end,Main Tier,主層,CC,1,,west,18,18,printed,,0,0,0,0,
hkcc-st-end,Main Tier,主層,CD,1,,west,1,1,printed,,0,0,0,0,
hkcc-st-end,Main Tier,主層,CD,1,,west,2,2,printed,,0,0,0,0,
hkcc-st-end,Main Tier,主層,CD,1,,west,3,3,printed,,0,0,0,0,
hkcc-st-end,Main Tier,主層,CD,1,,west,4,4,printed,,0,0,0,0,
hkcc-st-end,Main Tier,主層,CD,1,,west,5,5,printed,,0,0,0,0,
hkcc-st-end,Main Tier,主層,CD,1,,west,6,6,printed,,0,0,0,0,
hkcc-st-end,Main Tier,主層,CD,1,,west,7,7,printed,,0,0,0,0,
hkcc-st-end,Main Tier,主層,CD,1,,west,8,8,printed,,0,0,0,0,
hkcc-st-end,Main Tier,主層,CD,1,,west,9,9,printed,,0,0,0,0,
hkcc-st-end,Main Tier,主層,CD,1,,west,10,10,printed,,0,0,0,0,
hkcc-st-end,Main Tier,主層,CD,1,,west,11,11,printed,,0,0,0,0,
hkcc-st-end,Main Tier,主層,CD,1,,west,12,12,printed,,0,0,0,0,
hkcc-st-end,Main Tier,主層,CD,1,,west,13,13,printed,,0,0,0,0,
hkcc-st-end,Main Tier,主層,CD,1,,west,14,14,printed,,0,0,0,0,
hkcc-st-end,Main Tier,主層,CD,1,,west,15,15,printed,,0,0,0,0,
hkcc-st-end,Main Tier,主層,CD,1,,west,16,16,printed,,0,0,0,0,
hkcc-st-end,Main Tier,主層,CD,1,,west,17,17,printed,,0,0,0,0,
hkcc-st-end,Main Tier,主層,CD,1,,west,18,18,printed,,0,0,0,0,
hkcc-st-end,Main Tier,主層,CD,1,,west,19,19,printed,,0,0,0,0,
hkcc-st-end,Main Tier,主層,CD,1,,west,20,20,printed,,0,0,0,0,
hkcc-st-end,Main Tier,主層,CD,1,,west,21,21,printed,,0,0,0,0,
hkcc-st-end,Main Tier,主層,CE,1,,west,1,1,printed,,0,0,0,0,
hkcc-st-end,Main Tier,主層,CE,1,,west,2,2,printed,,0,0,0,0,
hkcc-st-end,Main Tier,主層,CE,1,,west,3,3,printed,,0,0,0,0,
hkcc-st-end,Main Tier,主層,CE,1,,west,4,4,printed,,0,0,0,0,
hkcc-st-end,Main Tier,主層,CE,1,,west,5,5,printed,,0,0,0,0,
hkcc-st-end,Main Tier,主層,CE,1,,west,6,6,printed,,0,0,0,0,
hkcc-st-end,Main Tier,主層,CE,1,,west,7,7,printed,,0,0,0,0,
hkcc-st-end,Main Tier,主層,CE,1,,west,8,8,printed,,0,0,0,0,
hkcc-st-end,Main Tier,主層,CE,1,,west,9,9,printed,,0,0,0,0,
hkcc-st-end,Main Tier,主層,CE,1,,west,10,10,printed,,0,0,0,0,
hkcc-st-end,Main Tier,主層,CE,1,,west,11,11,printed,,0,0,0,0,
hkcc-st-end,Main Tier,主層,CE,1,,west,12,12,printed,,0,0,0,0,
hkcc-st-end,Main Tier,主層,CE,1,,west,13,13,printed,,0,0,0,0,
hkcc-st-end,Main Tier,主層,CE,1,,west,14,14,printed,,0,0,0,0,
hkcc-st-end,Main Tier,主層,CE,1,,west,15,15,printed,,0,0,0,0,
hkcc-st-end,Main Tier,主層,CE,1,,west,16,16,printed,,0,0,0,0,
hkcc-st-end,Main Tier,主層,CE,1,,west,17,17,printed,,0,0,0,0,
hkcc-st-end,Main Tier,主層,CE,1,,west,18,18,printed,,0,0,0,0,
hkcc-st-end,Main Tier,主層,CE,1,,west,19,19,printed,,0,0,0,0,
hkcc-st-end,Main Tier,主層,CE,1,,west,20,20,printed,,0,0,0,0,
hkcc-st-end,Main Tier,主層,CE,1,,west,21,21,printed,,0,0,0,0,
hkcc-st-end,Main Tier,主層,CF,1,,west,1,1,printed,,0,0,0,0,
hkcc-st-end,Main Tier,主層,CF,1,,west,2,2,printed,,0,0,0,0,
hkcc-st-end,Main Tier,主層,CF,1,,west,3,3,printed,,0,0,0,0,
hkcc-st-end,Main Tier,主層,CF,1,,west,4,4,printed,,0,0,0,0,
hkcc-st-end,Main Tier,主層,CF,1,,west,5,5,printed,,0,0,0,0,
hkcc-st-end,Main Tier,主層,CF,1,,west,6,6,printed,,0,0,0,0,
hkcc-st-end,Main Tier,主層,CF,1,,west,7,7,printed,,0,0,0,0,
hkcc-st-end,Main Tier,主層,CF,1,,west,8,8,printed,,0,0,0,0,
hkcc-st-end,Main Tier,主層,CF,1,,west,9,9,printed,,0,0,0,0,
hkcc-st-end,Main Tier,主層,CF,1,,west,10,10,printed,,0,0,0,0,
hkcc-st-end,Main Tier,主層,CF,1,,west,11,11,printed,,0,0,0,0,
hkcc-st-end,Main Tier,主層,CF,1,,west,12,12,printed,,0,0,0,0,
hkcc-st-end,Main Tier,主層,CF,1,,west,13,13,printed,,0,0,0,0,
hkcc-st-end,Main Tier,主層,CF,1,,west,14,14,printed,,0,0,0,0,
hkcc-st-end,Main Tier,主層,CF,1,,west,15,15,printed,,0,0,0,0,
hkcc-st-end,Main Tier,主層,CF,1,,west,16,16,printed,,0,0,0,0,
hkcc-st-end,Main Tier,主層,CF,1,,west,17,17,printed,,0,0,0,0,
hkcc-st-end,Main Tier,主層,CF,1,,west,18,18,printed,,0,0,0,0,
hkcc-st-end,Main Tier,主層,CF,1,,west,19,19,printed,,0,0,0,0,
hkcc-st-end,Main Tier,主層,CF,1,,west,20,20,printed,,0,0,0,0,
hkcc-st-end,Main Tier,主層,CF,1,,west,21,21,printed,,0,0,0,0,
hkcc-st-end,Main Tier,主層,CG,1,,west,1,1,printed,,0,0,0,0,
hkcc-st-end,Main Tier,主層,CG,1,,west,2,2,printed,,0,0,0,0,
hkcc-st-end,Main Tier,主層,CG,1,,west,3,3,printed,,0,0,0,0,
hkcc-st-end,Main Tier,主層,CG,1,,west,4,4,printed,,0,0,0,0,
hkcc-st-end,Main Tier,主層,CG,1,,west,5,5,printed,,0,0,0,0,
hkcc-st-end,Main Tier,主層,CG,1,,west,6,6,printed,,0,0,0,0,
hkcc-st-end,Main Tier,主層,CG,1,,west,7,7,printed,,0,0,0,0,
hkcc-st-end,Main Tier,主層,CG,1,,west,8,8,printed,,0,0,0,0,
hkcc-st-end,Main Tier,主層,CG,1,,west,9,9,printed,,0,0,0,0,
hkcc-st-end,Main Tier,主層,CG,1,,west,10,10,printed,,0,0,0,0,
hkcc-st-end,Main Tier,主層,CG,1,,west,11,11,printed,,0,0,0,0,
hkcc-st-end,Main Tier,主層,CG,1,,west,12,12,printed,,0,0,0,0,
hkcc-st-end,Main Tier,主層,CG,1,,west,13,13,printed,,0,0,0,0,
hkcc-st-end,Main Tier,主層,CG,1,,west,14,14,printed,,0,0,0,0,
hkcc-st-end,Main Tier,主層,CG,1,,west,15,15,printed,,0,0,0,0,
hkcc-st-end,Main Tier,主層,CG,1,,west,16,16,printed,,0,0,0,0,
hkcc-st-end,Main Tier,主層,CG,1,,west,17,17,printed,,0,0,0,0,
hkcc-st-end,Main Tier,主層,CG,1,,west,18,18,printed,,0,0,0,0,
hkcc-st-end,Main Tier,主層,CG,1,,west,19,19,printed,,0,0,0,0,
hkcc-st-end,Main Tier,主層,CG,1,,west,20,20,printed,,0,0,0,0,
hkcc-st-end,Main Tier,主層,CG,1,,west,21,21,printed,,0,0,0,0,
hkcc-st-end,Main Tier,主層,CH,1,,west,1,1,printed,,0,0,0,0,
hkcc-st-end,Main Tier,主層,CH,1,,west,2,2,printed,,0,0,0,0,
hkcc-st-end,Main Tier,主層,CH,1,,west,3,3,printed,,0,0,0,0,
hkcc-st-end,Main Tier,主層,CH,1,,west,4,4,printed,,0,0,0,0,
hkcc-st-end,Main Tier,主層,CH,1,,west,5,5,printed,,0,0,0,0,
hkcc-st-end,Main Tier,主層,CH,1,,west,6,6,printed,,0,0,0,0,
hkcc-st-end,Main Tier,主層,CH,1,,west,7,7,printed,,0,0,0,0,
hkcc-st-end,Main Tier,主層,CH,1,,west,8,8,printed,,0,0,0,0,
hkcc-st-end,Main Tier,主層,CH,1,,west,9,9,printed,,0,0,0,0,
hkcc-st-end,Main Tier,主層,CH,1,,west,10,10,printed,,0,0,0,0,
hkcc-st-end,Main Tier,主層,CH,1,,west,11,11,printed,,0,0,0,0,
hkcc-st-end,Main Tier,主層,CH,1,,west,12,12,printed,,0,0,0,0,
hkcc-st-end,Main Tier,主層,CH,1,,west,13,13,printed,,0,0,0,0,
hkcc-st-end,Main Tier,主層,CH,1,,west,14,14,printed,,0,0,0,0,
hkcc-st-end,Main Tier,主層,CH,1,,west,15,15,printed,,0,0,0,0,
hkcc-st-end,Main Tier,主層,CH,1,,west,16,16,printed,,0,0,0,0,
hkcc-st-end,Main Tier,主層,CH,1,,west,17,17,printed,,0,0,0,0,
hkcc-st-end,Main Tier,主層,CH,1,,west,18,18,printed,,0,0,0,0,
hkcc-st-end,Main Tier,主層,CH,1,,west,19,19,printed,,0,0,0,0,
hkcc-st-end,Main Tier,主層,CH,1,,west,20,20,printed,,0,0,0,0,
hkcc-st-end,Main Tier,主層,CH,1,,west,21,21,printed,,0,0,0,0,
hkcc-st-end,Main Tier,主層,CJ,1,,west,1,1,printed,,0,0,0,0,
hkcc-st-end,Main Tier,主層,CJ,1,,west,2,2,printed,,0,0,0,0,
hkcc-st-end,Main Tier,主層,CJ,1,,west,3,3,printed,,0,0,0,0,
hkcc-st-end,Main Tier,主層,CJ,1,,west,4,4,printed,,0,0,0,0,
hkcc-st-end,Main Tier,主層,CJ,1,,west,5,5,printed,,0,0,0,0,
hkcc-st-end,Main Tier,主層,CJ,1,,west,6,6,printed,,0,0,0,0,
hkcc-st-end,Main Tier,主層,CJ,1,,west,7,7,printed,,0,0,0,0,
hkcc-st-end,Main Tier,主層,CJ,1,,west,8,8,printed,,0,0,0,0,
hkcc-st-end,Main Tier,主層,CJ,1,,west,9,9,printed,,0,0,0,0,
hkcc-st-end,Main Tier,主層,CJ,1,,west,10,10,printed,,0,0,0,0,
hkcc-st-end,Main Tier,主層,CJ,1,,west,11,11,printed,,0,0,0,0,
hkcc-st-end,Main Tier,主層,CJ,1,,west,12,12,printed,,0,0,0,0,
hkcc-st-end,Main Tier,主層,CJ,1,,west,13,13,printed,,0,0,0,0,
hkcc-st-end,Main Tier,主層,CJ,1,,west,14,14,printed,,0,0,0,0,
hkcc-st-end,Main Tier,主層,CJ,1,,west,15,15,printed,,0,0,0,0,
hkcc-st-end,Main Tier,主層,CJ,1,,west,16,16,printed,,0,0,0,0,
hkcc-st-end,Main Tier,主層,CJ,1,,west,17,17,printed,,0,0,0,0,
hkcc-st-end,Main Tier,主層,CJ,1,,west,18,18,printed,,0,0,0,0,
hkcc-st-end,Main Tier,主層,CJ,1,,west,19,19,printed,,0,0,0,0,
hkcc-st-end,Main Tier,主層,CJ,1,,west,20,20,printed,,0,0,0,0,
hkcc-st-end,Main Tier,主層,CJ,1,,west,21,21,printed,,0,0,0,0,
hkcc-st-end,Main Tier,主層,CK,1,,west,1,1,printed,,0,0,0,0,
hkcc-st-end,Main Tier,主層,CK,1,,west,2,2,printed,,0,0,0,0,
hkcc-st-end,Main Tier,主層,CK,1,,west,3,3,printed,,0,0,0,0,
hkcc-st-end,Main Tier,主層,CK,1,,west,4,4,printed,,0,0,0,0,
hkcc-st-end,Main Tier,主層,CK,1,,west,5,5,printed,,0,0,0,0,
hkcc-st-end,Main Tier,主層,CK,1,,west,6,6,printed,,0,0,0,0,
hkcc-st-end,Main Tier,主層,CK,1,,west,7,7,printed,,0,0,0,0,
hkcc-st-end,Main Tier,主層,CK,1,,west,8,8,printed,,0,0,0,0,
hkcc-st-end,Main Tier,主層,CK,1,,west,9,9,printed,,0,0,0,0,
hkcc-st-end,Main Tier,主層,CK,1,,west,10,10,printed,,0,0,0,0,
hkcc-st-end,Main Tier,主層,CK,1,,west,11,11,printed,,0,0,0,0,
hkcc-st-end,Main Tier,主層,CK,1,,west,12,12,printed,,0,0,0,0,
hkcc-st-end,Main Tier,主層,CK,1,,west,13,13,printed,,0,0,0,0,
hkcc-st-end,Main Tier,主層,CK,1,,west,14,14,printed,,0,0,0,0,
hkcc-st-end,Main Tier,主層,CK,1,,west,15,15,printed,,0,0,0,0,
hkcc-st-end,Main Tier,主層,CK,1,,west,16,16,printed,,0,0,0,0,
hkcc-st-end,Main Tier,主層,CK,1,,west,17,17,printed,,0,0,0,0,
hkcc-st-end,Main Tier,主層,CK,1,,west,18,18,printed,,0,0,0,0,
hkcc-st-end,Main Tier,主層,CK,1,,west,19,19,printed,,0,0,0,0,
hkcc-st-end,Main Tier,主層,CK,1,,west,20,20,printed,,0,0,0,0,
hkcc-st-end,Main Tier,主層,CK,1,,west,21,21,printed,,0,0,0,0,
hkcc-st-end,Main Tier,主層,CL,1,,west,1,1,printed,,0,0,0,0,
hkcc-st-end,Main Tier,主層,CL,1,,west,2,2,printed,,0,0,0,0,
hkcc-st-end,Main Tier,主層,CL,1,,west,3,3,printed,,0,0,0,0,
hkcc-st-end,Main Tier,主層,CL,1,,west,4,4,printed,,0,0,0,0,
hkcc-st-end,Main Tier,主層,CL,1,,west,5,5,printed,,0,0,0,0,
hkcc-st-end,Main Tier,主層,CL,1,,west,6,6,printed,,0,0,0,0,
hkcc-st-end,Main Tier,主層,CL,1,,west,7,7,printed,,0,0,0,0,
hkcc-st-end,Main Tier,主層,CL,1,,west,8,8,printed,,0,0,0,0,
hkcc-st-end,Main Tier,主層,CL,1,,west,9,9,printed,,0,0,0,0,
hkcc-st-end,Main Tier,主層,CL,1,,west,10,10,printed,,0,0,0,0,
hkcc-st-end,Main Tier,主層,CL,1,,west,11,11,printed,,0,0,0,0,
hkcc-st-end,Main Tier,主層,CL,1,,west,12,12,printed,,0,0,0,0,
hkcc-st-end,Main Tier,主層,CL,1,,west,13,13,printed,,0,0,0,0,
hkcc-st-end,Main Tier,主層,CL,1,,west,14,14,printed,,0,0,0,0,
hkcc-st-end,Main Tier,主層,CL,1,,west,15,15,printed,,0,0,0,0,
hkcc-st-end,Main Tier,主層,CL,1,,west,16,16,printed,,0,0,0,0,
hkcc-st-end,Main Tier,主層,CL,1,,west,17,17,printed,,0,0,0,0,
hkcc-st-end,Main Tier,主層,CL,1,,west,18,18,printed,,0,0,0,0,
hkcc-st-end,Main Tier,主層,CL,1,,west,19,19,printed,,0,0,0,0,
hkcc-st-end,Main Tier,主層,CL,1,,west,20,20,printed,,0,0,0,0,
hkcc-st-end,Main Tier,主層,CL,1,,west,21,21,printed,,0,0,0,0,
hkcc-st-end,Main Tier,主層,CM,1,,west,1,1,printed,,0,0,0,0,
hkcc-st-end,Main Tier,主層,CM,1,,west,2,2,printed,,0,0,0,0,
hkcc-st-end,Main Tier,主層,CM,1,,west,3,3,printed,,0,0,0,0,
hkcc-st-end,Main Tier,主層,CM,1,,west,4,4,printed,,0,0,0,0,
hkcc-st-end,Main Tier,主層,CM,1,,west,5,5,printed,,0,0,0,0,
hkcc-st-end,Main Tier,主層,CM,1,,west,6,6,printed,,0,0,0,0,
hkcc-st-end,Main Tier,主層,CM,1,,west,7,7,printed,,0,0,0,0,
hkcc-st-end,Main Tier,主層,CM,1,,west,8,8,printed,,0,0,0,0,
hkcc-st-end,Main Tier,主層,CM,1,,west,9,9,printed,,0,0,0,0,
hkcc-st-end,Main Tier,主層,CM,1,,west,10,10,printed,,0,0,0,0,
hkcc-st-end,Main Tier,主層,CM,1,,west,11,11,printed,,0,0,0,0,
hkcc-st-end,Main Tier,主層,CM,1,,west,12,12,printed,,0,0,0,0,
hkcc-st-end,Main Tier,主層,CM,1,,west,13,13,printed,,0,0,0,0,
hkcc-st-end,Main Tier,主層,CM,1,,west,14,14,printed,,0,0,0,0,
hkcc-st-end,Main Tier,主層,CM,1,,west,15,15,printed,,0,0,0,0,
hkcc-st-end,Main Tier,主層,CM,1,,west,16,16,printed,,0,0,0,0,
hkcc-st-end,Main Tier,主層,CM,1,,west,17,17,printed,,0,0,0,0,
hkcc-st-end,Main Tier,主層,CM,1,,west,18,18,printed,,0,0,0,0,
hkcc-st-end,Main Tier,主層,CM,1,,west,19,19,printed,,0,0,0,0,
hkcc-st-end,Main Tier,主層,CM,1,,west,20,20,printed,,0,0,0,0,
hkcc-st-end,Main Tier,主層,CM,1,,west,21,21,printed,,0,0,0,0,
hkcc-st-end,Main Tier,主層,CN,1,,west,1,1,printed,,0,0,0,0,
hkcc-st-end,Main Tier,主層,CN,1,,west,2,2,printed,,0,0,0,0,
hkcc-st-end,Main Tier,主層,CN,1,,west,3,3,printed,,0,0,0,0,
hkcc-st-end,Main Tier,主層,CN,1,,west,4,4,printed,,0,0,0,0,
hkcc-st-end,Main Tier,主層,CN,1,,west,5,5,printed,,0,0,0,0,
hkcc-st-end,Main Tier,主層,CN,1,,west,6,6,printed,,0,0,0,0,
hkcc-st-end,Main Tier,主層,CN,1,,west,7,7,printed,,0,0,0,0,
hkcc-st-end,Main Tier,主層,CN,1,,west,8,8,printed,,0,0,0,0,
hkcc-st-end,Main Tier,主層,CN,1,,west,9,9,printed,,0,0,0,0,
hkcc-st-end,Main Tier,主層,CN,1,,west,10,10,printed,,0,0,0,0,
hkcc-st-end,Main Tier,主層,CN,1,,west,11,11,printed,,0,0,0,0,
hkcc-st-end,Main Tier,主層,CN,1,,west,12,12,printed,,0,0,0,0,
hkcc-st-end,Main Tier,主層,CN,1,,west,13,13,printed,,0,0,0,0,
hkcc-st-end,Main Tier,主層,CN,1,,west,14,14,printed,,0,0,0,0,
hkcc-st-end,Main Tier,主層,CN,1,,west,15,15,printed,,0,0,0,0,
hkcc-st-end,Main Tier,主層,CN,1,,west,16,16,printed,,0,0,0,0,
hkcc-st-end,Main Tier,主層,CN,1,,west,17,17,printed,,0,0,0,0,
hkcc-st-end,Main Tier,主層,CN,1,,west,18,18,printed,,0,0,0,0,
hkcc-st-end,Main Tier,主層,CN,1,,west,19,19,printed,,0,0,0,0,
hkcc-st-end,Main Tier,主層,CN,1,,west,20,20,printed,,0,0,0,0,
hkcc-st-end,Main Tier,主層,CN,1,,west,21,21,printed,,0,0,0,0,
hkcc-st-end,Main Tier,主層,CP,1,,west,X1,1,inferred,X,0,1,0,0,
hkcc-st-end,Main Tier,主層,CP,1,,west,X2,2,inferred,X,0,1,0,0,
hkcc-st-end,Main Tier,主層,CP,1,,west,3,3,printed,,0,0,0,0,
hkcc-st-end,Main Tier,主層,CP,1,,west,4,4,printed,,0,0,0,0,
hkcc-st-end,Main Tier,主層,CP,1,,west,5,5,printed,,0,0,0,0,
hkcc-st-end,Main Tier,主層,CP,1,,west,6,6,printed,,0,0,0,0,
hkcc-st-end,Main Tier,主層,CP,1,,west,7,7,printed,,0,0,0,0,
hkcc-st-end,Main Tier,主層,CP,1,,west,8,8,printed,,0,0,0,0,
hkcc-st-end,Main Tier,主層,CP,1,,west,9,9,printed,,0,0,0,0,
hkcc-st-end,Main Tier,主層,CP,1,,west,10,10,printed,,0,0,0,0,
hkcc-st-end,Main Tier,主層,CP,1,,west,11,11,printed,,0,0,0,0,
hkcc-st-end,Main Tier,主層,CP,1,,west,12,12,printed,,0,0,0,0,
hkcc-st-end,Main Tier,主層,CP,1,,west,13,13,printed,,0,0,0,0,
hkcc-st-end,Main Tier,主層,CP,1,,west,14,14,printed,,0,0,0,0,
hkcc-st-end,Main Tier,主層,CP,1,,west,15,15,printed,,0,0,0,0,
hkcc-st-end,Main Tier,主層,CP,1,,west,16,16,printed,,0,0,0,0,
hkcc-st-end,Main Tier,主層,CP,1,,west,17,17,printed,,0,0,0,0,
hkcc-st-end,Main Tier,主層,CP,1,,west,18,18,printed,,0,0,0,0,
hkcc-st-end,Main Tier,主層,CP,1,,west,19,19,printed,,0,0,0,0,
hkcc-st-end,Main Tier,主層,CP,1,,west,X3,20,inferred,X,0,1,0,0,
hkcc-st-end,Main Tier,主層,CP,1,,west,X4,21,inferred,X,0,1,0,0,
hkcc-st-end,Balcony West,西樓座,CQ,1,,balcony-west,W1,,none,W,1,0,0,0,
hkcc-st-end,Balcony West,西樓座,CQ,1,,balcony-west,W2,,none,W,1,0,0,0,
hkcc-st-end,Balcony West,西樓座,CQ,1,,balcony-west,W3,,none,W,1,0,0,0,
hkcc-st-end,Balcony West,西樓座,CQ,1,,balcony-west,W4,,none,W,1,0,0,0,
hkcc-st-end,Balcony West,西樓座,CQ,1,,balcony-west,W5,,none,W,1,0,0,0,
hkcc-st-end,Balcony West,西樓座,CQ,1,,balcony-west,W6,,none,W,1,0,0,0,
hkcc-st-end,Balcony West,西樓座,CQ,1,,balcony-west,W7,,none,W,1,0,0,0,
hkcc-st-end,Balcony West,西樓座,CQ,1,,balcony-west,W8,,none,W,1,0,0,0,
hkcc-st-end,Balcony West,西樓座,CQ,1,,balcony-west,W9,,none,W,1,0,0,0,
hkcc-st-end,Balcony West,西樓座,CQ,1,,balcony-west,W10,,none,W,1,0,0,0,
hkcc-st-end,Balcony West,西樓座,CQ,1,,balcony-west,W11,,none,W,1,0,0,0,
hkcc-st-end,Balcony West,西樓座,CQ,1,,balcony-west,W12,,none,W,1,0,0,0,
hkcc-st-end,Balcony West,西樓座,CQ,1,,balcony-west,W13,,none,W,1,0,0,0,
hkcc-st-end,Balcony West,西樓座,CQ,1,,balcony-west,W14,,none,W,1,0,0,0,
hkcc-st-end,Balcony West,西樓座,CQ,1,,balcony-west,W15,,none,W,1,0,0,0,
hkcc-st-end,Balcony West,西樓座,CQ,1,,balcony-west,W16,,none,W,1,0,0,0,
hkcc-st-end,Balcony West,西樓座,CQ,1,,balcony-west,W17,,none,W,1,0,0,0,
hkcc-st-end,Balcony West,西樓座,CQ,1,,balcony-west,W18,,none,W,1,0,0,0,
hkcc-st-end,Balcony West,西樓座,CQ,1,,balcony-west,W19,,none,W,1,0,0,0,
hkcc-st-end,Balcony West,西樓座,CQ,1,,balcony-west,W20,,none,W,1,0,0,0,
hkcc-st-end,Balcony West,西樓座,CQ,1,,balcony-west,W21,,none,W,1,0,0,0,
hkcc-st-end,Balcony North,北樓座,DQ,1,,north,W1,,none,W,1,0,0,0,
hkcc-st-end,Balcony North,北樓座,DQ,1,,north,W2,,none,W,1,0,0,0,
hkcc-st-end,Balcony North,北樓座,DQ,1,,north,W3,,none,W,1,0,0,0,
hkcc-st-end,Balcony North,北樓座,DQ,2,,north,W4,,none,W,1,0,0,0,
hkcc-st-end,Balcony North,北樓座,DQ,2,,north,W5,,none,W,1,0,0,0,
hkcc-st-end,Balcony North,北樓座,DQ,2,,north,W6,,none,W,1,0,0,0,
hkcc-st-end,Balcony North,北樓座,DQ,2,,north,W7,,none,W,1,0,0,0,
hkcc-st-end,Balcony North,北樓座,DQ,2,,north,W8,,none,W,1,0,0,0,
hkcc-st-end,Balcony North,北樓座,DQ,2,,north,W9,,none,W,1,0,0,0,
hkcc-st-end,Balcony North,北樓座,DQ,3,,north,W10,,none,W,1,0,0,0,
hkcc-st-end,Balcony North,北樓座,DQ,3,,north,W11,,none,W,1,0,0,0,
hkcc-st-end,Balcony North,北樓座,DQ,3,,north,W12,,none,W,1,0,0,0,
hkcc-st-end,Balcony North,北樓座,DQ,3,,north,W13,,none,W,1,0,0,0,
hkcc-st-end,Balcony North,北樓座,DQ,3,,north,W14,,none,W,1,0,0,0,
hkcc-st-end,Balcony North,北樓座,DQ,3,,north,W15,,none,W,1,0,0,0,
hkcc-st-end,Balcony South,南樓座,BQ,1,,south,W1,,none,W,1,0,0,0,
hkcc-st-end,Balcony South,南樓座,BQ,1,,south,W2,,none,W,1,0,0,0,
hkcc-st-end,Balcony South,南樓座,BQ,1,,south,W3,,none,W,1,0,0,0,
hkcc-st-end,Balcony South,南樓座,BQ,2,,south,W4,,none,W,1,0,0,0,
hkcc-st-end,Balcony South,南樓座,BQ,2,,south,W5,,none,W,1,0,0,0,
hkcc-st-end,Balcony South,南樓座,BQ,2,,south,W6,,none,W,1,0,0,0,
hkcc-st-end,Balcony South,南樓座,BQ,2,,south,W7,,none,W,1,0,0,0,
hkcc-st-end,Balcony South,南樓座,BQ,2,,south,W8,,none,W,1,0,0,0,
hkcc-st-end,Balcony South,南樓座,BQ,2,,south,W9,,none,W,1,0,0,0,
hkcc-st-end,Balcony South,南樓座,BQ,3,,south,W10,,none,W,1,0,0,0,
hkcc-st-end,Balcony South,南樓座,BQ,3,,south,W11,,none,W,1,0,0,0,
hkcc-st-end,Balcony South,南樓座,BQ,3,,south,W12,,none,W,1,0,0,0,
hkcc-st-end,Balcony South,南樓座,BQ,3,,south,W13,,none,W,1,0,0,0,
hkcc-st-end,Balcony South,南樓座,BQ,3,,south,W14,,none,W,1,0,0,0,
hkcc-st-end,Balcony South,南樓座,BQ,3,,south,W15,,none,W,1,0,0,0,
